sex,education,marital_status,region,employment_status,employment_type,h19_pers_income1,h19_pers_income2,h19_pers_income4,h19_cin,h19_din,debt_financial,debt_private,debt_card,debt_lease,debt_credit,debt_other,housing_debt_balance,housing_tenure,age,total_debt,type,case_id,cf_id,dsr_actual
2.0,6.0,5.0,2.0,2.0,1.0,3769.0,2520.0,0.0,5648.0,5108.0,26500.0,0.0,0.0,0.0,0.0,0.0,26500.0,1.0,26.0,26500.0,original,1,0,0.6667
2.0,6.0,5.0,2.0,2.0,1.0,3769.0,2520.0,0.0,5648.0,5108.0,5256.3,0.0,0.0,0.0,0.0,0.0,26500.0,1.0,29.1,26500.0,CF1,1,1,0.6667
2.0,6.0,5.0,2.0,2.0,1.0,14749.1,2520.0,1971.4,5648.0,5108.0,26500.0,0.0,0.0,0.0,0.0,0.0,26500.0,1.0,26.0,26500.0,CF2,1,2,0.6667
2.0,6.0,5.0,2.0,2.0,1.0,3769.0,2520.0,0.0,5648.0,5108.0,708.6,11885.0,0.0,0.0,0.0,0.0,26500.0,1.0,26.0,26500.0,CF3,1,3,0.6667
2.0,6.0,5.0,2.0,9.0,1.0,3769.0,480.0,0.0,5969.0,5633.0,10550.0,0.0,0.0,0.0,0.0,0.0,8550.0,2.0,22.0,10550.0,original,3,0,0.4125
1.6,6.0,5.0,2.0,9.0,1.0,3769.0,10757.8,0.0,5969.0,5633.0,10550.0,0.0,0.0,0.0,0.0,0.0,8550.0,2.0,22.0,10550.0,CF1,3,1,0.4125
2.0,6.0,5.0,2.0,9.0,1.0,3769.0,7179.6,0.0,5969.0,5633.0,10550.0,0.0,0.0,0.0,0.0,0.0,8550.0,2.0,22.0,10550.0,CF2,3,2,0.4125
2.0,6.0,5.0,2.0,9.0,1.0,3769.0,5018.5,0.0,5969.0,5633.0,10550.0,0.0,0.0,0.0,0.0,8468.1,8550.0,2.0,22.0,10550.0,CF3,3,3,0.4125
2.0,4.0,3.0,2.0,2.0,2.0,3769.0,3310.0,0.0,3315.0,3171.0,26200.0,0.0,0.0,0.0,0.0,0.0,26200.0,1.0,33.0,26200.0,original,12,0,0.5801
2.0,4.0,3.0,2.0,2.0,2.0,3769.0,10381.4,0.0,3315.0,3171.0,26200.0,0.0,0.0,0.0,0.0,0.0,26200.0,1.0,33.0,26200.0,CF1,12,1,0.5801
2.0,4.0,3.0,2.0,2.0,1.9,3769.0,3310.0,0.0,3315.0,3171.0,26200.0,0.0,0.0,0.0,0.0,0.0,26200.0,2.9,33.0,26200.0,CF2,12,2,0.5801
2.0,4.0,3.0,2.0,2.0,2.0,10898.1,3310.0,0.0,3315.0,3171.0,26200.0,0.0,0.0,0.0,0.0,0.0,26200.0,1.0,33.0,26200.0,CF3,12,3,0.5801
2.0,6.0,1.0,3.0,2.0,1.0,3769.0,2856.0,0.0,6863.0,5759.0,2460.0,0.0,0.0,0.0,234.0,0.0,4260.0,1.0,38.0,2694.0,original,16,0,0.7675
2.0,6.0,1.0,3.0,2.0,1.0,12090.6,2856.0,0.0,6863.0,5759.0,2460.0,0.0,0.0,0.0,234.0,9779.9,4260.0,1.0,38.0,2694.0,CF1,16,1,0.7675
2.0,6.0,1.0,3.0,2.0,1.0,3769.0,2856.0,0.0,6863.0,5759.0,2460.0,0.0,0.0,0.0,234.0,7694.2,4260.0,1.0,38.0,2694.0,CF2,16,2,0.7675
2.0,6.0,1.0,3.0,2.0,1.0,3769.0,2856.0,0.0,6863.0,5759.0,2460.0,0.0,0.0,0.0,234.0,0.0,4260.0,1.0,38.0,41574.2,CF3,16,3,0.7675
2.0,7.0,5.0,2.0,9.0,1.0,3769.0,460.0,0.0,8102.0,7298.0,19960.0,0.0,0.0,0.0,0.0,0.0,19960.0,1.0,25.0,19960.0,original,24,0,0.6891
2.0,7.0,5.0,2.0,3.9,1.0,3769.0,12680.6,0.0,6782.0,7298.0,23941.0,0.0,0.0,0.0,0.0,0.0,19960.0,1.0,25.0,19960.0,CF1,24,1,0.6891
2.0,5.4,5.0,2.0,3.6,1.0,3769.0,12271.7,0.0,8102.0,7298.0,19960.0,0.0,0.0,0.0,0.0,0.0,19960.0,1.6,25.0,19960.0,CF2,24,2,0.6891
2.0,7.0,5.0,2.0,5.1,1.0,3769.0,4314.0,2704.8,12288.0,7298.0,19960.0,0.0,0.0,0.0,0.0,0.0,19960.0,1.0,38.0,19960.0,CF3,24,3,0.6891
1.0,7.0,1.0,2.0,1.0,1.0,7597.0,1440.0,0.0,11845.0,10225.0,12000.0,0.0,0.0,0.0,0.0,0.0,12000.0,2.0,33.0,12000.0,original,28,0,0.7166
1.0,7.0,1.0,2.0,1.0,1.0,7597.0,1440.0,0.0,11845.0,10225.0,12000.0,0.0,0.0,0.0,0.0,0.0,12000.0,2.0,33.0,50768.4,CF1,28,1,0.7166
1.0,7.0,1.0,2.0,1.0,1.0,7597.0,1440.0,2216.7,11845.0,10225.0,12000.0,0.0,0.0,0.0,0.0,0.0,12000.0,2.0,33.0,43674.2,CF2,28,2,0.7166
1.0,7.0,1.0,2.0,1.0,1.0,7597.0,1440.0,0.0,11845.0,10225.0,12000.0,0.0,0.0,0.0,0.0,0.0,12000.0,5.4,33.0,12000.0,CF3,28,3,0.7166
1.0,7.0,1.0,3.0,2.0,1.0,3769.0,1050.0,0.0,33732.0,32664.0,21600.0,0.0,200.0,0.0,0.0,0.0,16600.0,1.0,36.0,21800.0,original,31,0,5.0
1.0,3.5,1.0,3.0,2.0,1.0,3769.0,5125.1,0.0,6967.9,1843.2,21600.0,0.0,1160.2,104567.7,0.0,0.0,16600.0,5.6,36.0,21800.0,CF1,31,1,5.0
1.7,7.0,4.3,3.0,6.2,2.0,3769.0,5797.3,0.0,33732.0,11420.1,2157.3,0.0,200.0,9845.5,0.0,0.0,1973.0,1.0,36.0,21800.0,CF2,31,2,5.0
1.0,3.5,1.0,3.0,2.0,1.0,3769.0,5125.1,0.0,6967.9,1843.2,38712.6,0.0,1160.2,104567.7,0.0,0.0,16600.0,5.6,36.0,21800.0,CF3,31,3,5.0
1.0,7.0,5.0,3.0,3.0,1.0,3769.0,512.0,0.0,27332.0,24056.0,10000.0,0.0,0.0,3400.0,0.0,0.0,10000.0,1.0,21.0,13400.0,original,35,0,5.0
1.0,7.0,5.0,1.7,3.0,2.2,3769.0,5503.4,0.0,27332.0,24056.0,10000.0,0.0,0.0,115139.0,0.0,0.0,10000.0,1.0,21.0,13400.0,CF1,35,1,5.0
1.0,7.0,5.0,2.0,3.0,1.0,3769.0,1442.2,0.0,27332.0,24056.0,10000.0,0.0,0.0,107199.7,461.1,0.0,105621.4,1.0,21.0,13400.0,CF2,35,2,5.0
1.0,7.0,5.0,1.7,3.0,2.2,3769.0,5503.4,0.0,27332.0,24056.0,10000.0,3429.7,0.0,115139.0,0.0,0.0,10000.0,1.0,21.0,13400.0,CF3,35,3,5.0
2.0,7.0,5.0,2.0,9.0,1.0,3769.0,800.0,0.0,62220.0,60804.0,19000.0,0.0,3084.0,0.0,0.0,0.0,19000.0,1.0,23.0,22084.0,original,42,0,3.0
2.0,7.3,5.0,2.0,4.2,1.6,3769.0,6197.9,0.0,62220.0,26812.6,72629.5,0.0,521.2,13029.5,0.0,0.0,112975.9,1.0,23.0,22084.0,CF1,42,1,3.0
1.5,7.0,5.0,2.0,1.4,1.5,10454.9,8783.8,0.0,62220.0,60804.0,19000.0,0.0,4865.2,129940.9,1188.5,3116.9,48145.1,1.0,23.0,22084.0,CF2,42,2,3.0
1.5,7.0,3.0,2.0,6.1,1.0,9452.9,6872.6,0.0,62220.0,10606.7,80254.5,13775.2,3084.0,0.0,0.0,0.0,19000.0,1.0,36.9,5758.5,CF3,42,3,3.0
2.0,6.0,5.0,3.0,9.0,1.0,3769.0,320.0,0.0,20573.0,18197.0,11000.0,0.0,0.0,0.0,0.0,0.0,9000.0,1.0,21.0,11000.0,original,45,0,2.6219
2.0,6.0,5.0,3.0,2.4,1.0,3769.0,3910.9,0.0,20573.0,18197.0,11000.0,306.8,0.0,0.0,0.0,0.0,9000.0,1.0,27.0,11000.0,CF1,45,1,2.6219
2.0,6.0,5.0,3.0,7.5,1.0,3769.0,8503.8,0.0,20573.0,18197.0,11000.0,0.0,0.0,0.0,0.0,5042.8,94995.9,1.0,21.0,11000.0,CF2,45,2,2.6219
2.0,6.0,5.0,3.0,2.4,1.0,3769.0,3910.9,0.0,20573.0,18197.0,11000.0,0.0,0.0,0.0,0.0,0.0,9000.0,1.0,27.0,11000.0,CF3,45,3,2.6219
